{"cameraMode":{"drawMode":0,"name":"Shaded","section":"Shading Mode"},"sceneLighting":false,"audioPlay":false,"sceneViewState":{"m_AlwaysRefresh":false,"showFog":true,"showSkybox":false,"showFlares":true,"showImageEffects":true,"showParticleSystems":true,"showVisualEffectGraphs":true,"m_FxEnabled":true},"in2DMode":false,"pivot":{"x":-1.9712496995925904,"y":-2.5821268558502199,"z":1.4592385292053223},"rotation":{"x":-0.20205193758010865,"y":0.14686709642410279,"z":-0.030657878145575525,"w":-0.9678448438644409},"size":6.143143653869629,"orthographic":false}